City_ID,City,Country,Date,Lat,Lng,Max Temp,Humidity,Cloudiness,Wind Speed
0,Ayan,RU,2022-04-24 15:22:29,56.45,138.1667,25.86,90,100,4.03
1,Yellowknife,CA,2022-04-24 15:22:04,62.456,-114.3525,19.92,68,0,12.66
2,Puerto Ayora,EC,2022-04-24 15:22:29,-0.7393,-90.3518,75.16,80,39,8.1
3,Punta Arenas,CL,2022-04-24 15:20:49,-53.15,-70.9167,42.91,87,75,2.3
4,Aleksandrov Gay,RU,2022-04-24 15:22:30,50.147,48.5704,60.08,64,100,2.06
5,Kapaa,US,2022-04-24 15:22:30,22.0752,-159.319,75.18,86,75,18.41
6,Inongo,CD,2022-04-24 15:22:31,-1.95,18.2667,80.01,71,72,4.32
7,Verkhnyaya Inta,RU,2022-04-24 15:22:31,65.9811,60.3094,27.54,89,100,2.1
8,Bredasdorp,ZA,2022-04-24 15:22:31,-34.5322,20.0403,62.35,59,37,12.97
9,Mataura,NZ,2022-04-24 15:22:32,-46.1927,168.8643,52.48,87,100,6.22
10,Albany,US,2022-04-24 15:20:11,42.6001,-73.9662,59.36,41,93,1.01
11,Fortuna,US,2022-04-24 15:20:37,40.5982,-124.1573,49.66,91,100,0.0
12,Esperance,AU,2022-04-24 15:22:32,-33.8667,121.9,60.37,83,1,10.63
13,Tecoanapa,MX,2022-04-24 15:22:33,16.5167,-98.75,83.59,59,1,2.68
14,Florianopolis,BR,2022-04-24 15:22:33,-27.6146,-48.5012,75.63,69,20,11.5
15,Qasigiannguit,GL,2022-04-24 15:22:34,68.8193,-51.1922,30.45,92,100,4.9
16,Cabo San Lucas,MX,2022-04-24 15:17:43,22.8909,-109.9124,76.6,85,20,0.0
17,Mahebourg,MU,2022-04-24 15:18:51,-20.4081,57.7,75.49,83,75,19.57
18,Vaini,TO,2022-04-24 15:22:34,-21.2,-175.2,69.96,100,75,0.0
19,Rikitea,PF,2022-04-24 15:22:35,-23.1203,-134.9692,73.99,79,100,6.49
20,Pierre,US,2022-04-24 15:22:35,44.3683,-100.351,38.86,76,100,32.21
21,Hermanus,ZA,2022-04-24 15:22:35,-34.4187,19.2345,62.8,75,11,9.84
22,Butaritari,KI,2022-04-24 15:22:36,3.0707,172.7902,79.72,79,100,12.82
23,Saint George,US,2022-04-24 15:18:30,37.1041,-113.5841,57.79,32,0,3.44
24,Boma,GH,2022-04-24 15:22:36,7.0805,-2.1697,90.91,53,100,0.22
25,Castro,BR,2022-04-24 15:22:37,-24.7911,-50.0119,73.45,66,44,2.64
26,Hobart,AU,2022-04-24 15:17:41,-42.8794,147.3294,56.26,88,40,5.75
27,Busselton,AU,2022-04-24 15:22:37,-33.65,115.3333,63.63,52,100,9.57
28,Chicama,PE,2022-04-24 15:22:37,-7.8447,-79.1469,61.34,69,42,6.49
29,Kavieng,PG,2022-04-24 15:22:38,-2.5744,150.7967,81.75,77,47,8.61
30,Ushuaia,AR,2022-04-24 15:21:15,-54.8,-68.3,42.46,70,40,0.0
31,Grand Gaube,MU,2022-04-24 15:22:38,-20.0064,57.6608,76.37,72,95,5.99
32,Torbay,CA,2022-04-24 15:22:39,47.6666,-52.7314,38.28,94,100,20.71
33,Carnarvon,AU,2022-04-24 15:22:39,-24.8667,113.6333,66.27,94,4,0.0
34,Cherskiy,RU,2022-04-24 15:22:39,68.75,161.3,-4.09,100,87,4.76
35,Ponta Do Sol,PT,2022-04-24 15:17:47,32.6667,-17.1,70.72,62,12,8.12
36,Rawson,AR,2022-04-24 15:22:40,-43.3002,-65.1023,64.36,28,88,32.26
37,New Norfolk,AU,2022-04-24 15:22:40,-42.7826,147.0587,55.92,84,56,1.25
38,Nikolskoye,RU,2022-04-24 15:22:40,59.7035,30.7861,50.72,74,100,9.55
39,Aklavik,CA,2022-04-24 15:22:41,68.2191,-135.0107,19.4,86,0,3.44
40,Tiksi,RU,2022-04-24 15:22:41,71.6872,128.8694,-3.64,100,98,2.39
41,Barrow,US,2022-04-24 15:20:01,71.2906,-156.7887,6.82,78,0,9.22
42,Karaman,TR,2022-04-24 15:22:42,37.0833,33.25,74.52,18,0,10.63
43,Avarua,CK,2022-04-24 15:22:42,-21.2078,-159.775,78.85,83,75,4.61
44,Brae,GB,2022-04-24 15:22:43,60.3964,-1.353,48.43,75,79,16.84
45,Ribeira Grande,PT,2022-04-24 15:22:43,38.5167,-28.7,63.0,59,40,19.57
46,Luderitz,NA,2022-04-24 15:23:43,-26.6481,15.1594,68.59,38,0,30.74
47,Geraldton,AU,2022-04-24 15:23:44,-28.7667,114.6,61.21,72,97,0.0
48,Bathsheba,BB,2022-04-24 15:23:44,13.2167,-59.5167,86.61,54,40,19.57
49,Fort Myers Beach,US,2022-04-24 15:23:33,26.452,-81.9481,85.05,57,0,14.97
50,Ngaoundere,CM,2022-04-24 15:23:45,7.3167,13.5833,78.98,57,95,6.31
51,Ust-Koksa,RU,2022-04-24 15:23:45,50.2696,85.6108,27.01,65,2,2.39
52,Kaili,ID,2022-04-24 15:23:45,-3.4626,120.2147,68.7,88,100,3.47
53,Karratha,AU,2022-04-24 15:21:26,-20.7377,116.8463,80.85,62,0,3.53
54,Comodoro Rivadavia,AR,2022-04-24 15:23:46,-45.8667,-67.5,58.86,44,20,13.8
55,Hithadhoo,MV,2022-04-24 15:23:46,-0.6,73.0833,84.29,72,91,9.1
56,Khatanga,RU,2022-04-24 15:23:47,71.9667,102.5,-3.26,100,100,3.18
57,Souillac,MU,2022-04-24 15:22:49,-20.5167,57.5167,75.58,83,75,19.57
58,Winnemucca,US,2022-04-24 15:23:47,40.973,-117.7357,33.85,64,0,3.44
59,Puerto Del Rosario,ES,2022-04-24 15:23:48,28.5004,-13.8627,69.55,56,40,11.5
60,Pevek,RU,2022-04-24 15:23:48,69.7008,170.3133,0.05,99,99,3.47
61,Samut Sakhon,TH,2022-04-24 15:23:48,13.5833,100.3,91.02,73,3,14.5
62,Tooele,US,2022-04-24 15:23:49,40.5308,-112.2983,46.89,70,0,0.0
63,Cape Town,ZA,2022-04-24 15:23:49,-33.9258,18.4232,64.11,66,20,17.27
64,Jieshi,CN,2022-04-24 15:23:50,22.8134,115.8257,81.95,87,1,6.53
65,Panaba,MX,2022-04-24 15:21:19,21.2833,-88.2667,87.35,47,0,13.51
66,Klaksvik,FO,2022-04-24 15:23:50,62.2266,-6.589,47.32,87,100,18.63
67,Talaya,RU,2022-04-24 15:23:50,61.3833,152.75,18.82,96,100,3.96
68,Hilo,US,2022-04-24 15:23:51,19.7297,-155.09,75.27,94,100,4.61
69,Ponta Delgada,PT,2022-04-24 15:23:51,37.7333,-25.6667,59.72,72,20,20.71
70,Jamestown,US,2022-04-24 15:23:52,42.097,-79.2353,78.06,37,0,16.11
71,Salalah,OM,2022-04-24 15:23:52,17.0151,54.0924,83.03,70,60,7.36
72,Pankrushikha,RU,2022-04-24 15:23:53,53.8319,80.3406,33.82,60,9,4.9
73,Arraial Do Cabo,BR,2022-04-24 15:21:33,-22.9661,-42.0278,82.36,65,20,9.22
74,Omsukchan,RU,2022-04-24 15:23:53,62.5333,155.8,17.51,96,100,7.05
75,San Jeronimo,PE,2022-04-24 15:23:53,-11.9472,-75.2829,58.1,54,99,0.96
76,Kodiak,US,2022-04-24 15:23:54,57.79,-152.4072,40.51,87,100,11.5
77,Talnakh,RU,2022-04-24 15:23:54,69.4865,88.3972,-3.62,100,48,2.28
78,Longyearbyen,SJ,2022-04-24 15:23:23,78.2186,15.6401,13.84,52,20,9.22
79,Faanui,PF,2022-04-24 15:23:55,-16.4833,-151.75,79.93,72,69,5.03
80,Bilibino,RU,2022-04-24 15:23:55,68.0546,166.4372,-4.13,100,61,5.28
81,Zabid,YE,2022-04-24 15:23:56,14.1951,43.3152,90.77,47,24,13.29
82,Saskylakh,RU,2022-04-24 15:23:56,71.9167,114.0833,-5.35,100,25,2.89
83,Yuza,JP,2022-04-24 15:23:57,39.0,139.9167,56.28,84,6,1.03
84,Artesia,US,2022-04-24 15:23:57,33.8658,-118.0831,75.43,60,0,4.61
85,Crotone,IT,2022-04-24 15:23:57,39.0851,17.1178,71.55,49,0,16.11
86,Tonj,SS,2022-04-24 15:23:58,7.2737,28.6822,92.73,36,88,3.11
87,Thompson,CA,2022-04-24 15:20:26,55.7435,-97.8558,14.16,73,75,14.97
88,Lalmohan,BD,2022-04-24 15:24:58,22.3384,90.7419,82.87,85,0,13.33
89,Makat,KZ,2022-04-24 15:24:59,47.6469,53.3463,66.65,37,44,11.45
90,Xining,CN,2022-04-24 15:24:59,36.6167,101.7667,53.82,39,56,5.12
91,Khani,GE,2022-04-24 15:24:59,41.9563,42.9566,62.17,77,63,1.95
92,Vakhrushev,RU,2022-04-24 15:25:00,48.9833,142.9667,37.51,80,29,14.47
93,Juigalpa,NI,2022-04-24 15:25:00,12.1063,-85.3645,85.91,62,40,6.91
94,Port Elizabeth,ZA,2022-04-24 15:21:30,-33.918,25.5701,62.1,79,0,16.11
95,Itarema,BR,2022-04-24 15:25:01,-2.9248,-39.9167,83.82,67,48,7.0
96,Oranjemund,NA,2022-04-24 15:25:01,-28.55,16.4333,59.7,62,0,17.52
97,Amantea,IT,2022-04-24 15:25:02,39.1332,16.0746,72.45,65,86,3.58
98,Moctezuma,MX,2022-04-24 15:25:02,29.8,-109.6667,68.38,21,0,2.26
99,Valparaiso,CL,2022-04-24 15:21:53,-33.0393,-71.6273,59.47,90,100,5.75
100,Severodvinsk,RU,2022-04-24 15:25:03,64.5635,39.8302,37.51,78,19,3.04
101,Maningrida,AU,2022-04-24 15:25:03,-12.0667,134.2667,78.69,82,97,3.85
102,Clyde River,CA,2022-04-24 15:25:03,70.4692,-68.5914,5.23,85,100,6.91
103,Kavaratti,IN,2022-04-24 15:25:04,10.5669,72.642,85.1,70,87,4.23
104,Baculin,PH,2022-04-24 15:25:04,7.4525,126.5842,78.12,86,100,2.84
105,Lorengau,PG,2022-04-24 15:25:05,-2.0226,147.2712,80.46,82,61,5.1
106,Tifton,US,2022-04-24 15:25:05,31.4505,-83.5085,76.96,61,75,6.91
107,Loukhi,RU,2022-04-24 15:25:05,66.0764,33.0381,39.58,89,98,3.87
108,Bambous Virieux,MU,2022-04-24 15:25:06,-20.3428,57.7575,76.21,83,75,19.57
109,Bluff,NZ,2022-04-24 15:25:06,-46.6,168.3333,52.81,83,91,19.08
110,Chokurdakh,RU,2022-04-24 15:25:06,70.6333,147.9167,-14.28,100,79,3.11
111,Bubaque,GW,2022-04-24 15:25:07,11.2833,-15.8333,77.92,75,17,16.26
112,Airai,TL,2022-04-24 15:25:07,-8.9266,125.4092,58.66,71,50,1.99
113,Qaanaaq,GL,2022-04-24 15:25:08,77.484,-69.3632,5.16,71,18,8.25
114,Salinopolis,BR,2022-04-24 15:25:08,-0.6136,-47.3561,74.84,91,100,4.52
115,Mehamn,NO,2022-04-24 15:25:08,71.0357,27.8492,37.81,83,100,14.67
116,Nizwa,OM,2022-04-24 15:25:09,22.9333,57.5333,88.34,30,99,8.52
117,Mar Del Plata,AR,2022-04-24 15:25:09,-38.0023,-57.5575,66.87,73,0,16.11
118,Riyadh,SA,2022-04-24 15:20:16,24.6877,46.7219,86.14,12,92,12.1
119,Namatanai,PG,2022-04-24 15:23:12,-3.6667,152.4333,79.07,77,22,5.7
120,Hambantota,LK,2022-04-24 15:25:10,6.1241,81.1185,82.74,94,40,3.44
121,Chuy,UY,2022-04-24 15:25:10,-33.6971,-53.4616,71.53,38,0,10.63
122,Ardakan,IR,2022-04-24 15:25:11,32.31,54.0175,86.11,12,100,10.4
123,El Alto,PE,2022-04-24 15:23:10,-4.2714,-81.2147,76.66,72,90,4.25
124,Norman Wells,CA,2022-04-24 15:25:11,65.282,-126.8329,35.64,64,20,6.91
125,La Ronge,CA,2022-04-24 15:25:12,55.1001,-105.2842,34.02,64,40,11.5
126,Saldanha,ZA,2022-04-24 15:21:21,-33.0117,17.9442,64.45,75,0,14.76
127,Saint-Philippe,RE,2022-04-24 15:25:12,-21.3585,55.7679,76.59,80,98,15.75
128,Marrakesh,MA,2022-04-24 15:21:22,31.6315,-8.0083,69.87,43,75,5.75
129,Esil,KZ,2022-04-24 15:25:13,51.9556,66.4042,46.42,31,84,8.39
130,Nanortalik,GL,2022-04-24 15:25:13,60.1432,-45.2371,38.8,86,93,4.54
131,Upernavik,GL,2022-04-24 15:25:12,72.7868,-56.1549,7.52,81,58,10.56
132,Vila Franca Do Campo,PT,2022-04-24 15:26:14,37.7167,-25.4333,59.41,65,7,17.31
133,Corowa,AU,2022-04-24 15:26:14,-36.0333,146.3833,46.58,71,45,5.59
134,Bangui,CF,2022-04-24 15:26:15,4.3612,18.555,92.59,42,99,2.73
135,Killybegs,IE,2022-04-24 15:26:15,54.6333,-8.45,58.71,50,32,14.47
136,Asau,RO,2022-04-24 15:22:46,46.4333,26.4,70.95,40,62,3.53
137,Grand-Santi,GF,2022-04-24 15:26:16,4.25,-54.3833,82.35,74,98,4.79
138,La Esperanza,GT,2022-04-24 15:26:16,14.8667,-91.5667,61.95,78,75,0.0
139,Ahipara,NZ,2022-04-24 15:26:16,-35.1667,173.1667,61.57,82,25,12.55
140,Belmonte,BR,2022-04-24 15:26:17,-15.8631,-38.8828,85.46,66,24,7.63
141,Lagoa,PT,2022-04-24 15:26:17,39.05,-27.9833,57.6,73,4,20.6
142,Dingle,PH,2022-04-24 15:26:18,10.9995,122.6711,77.14,89,93,6.98
143,Pereyaslovskaya,RU,2022-04-24 15:26:18,45.8412,39.0238,64.8,65,23,9.46
144,Healdsburg,US,2022-04-24 15:26:19,38.6105,-122.8692,59.54,91,0,0.0
145,Flinders,AU,2022-04-24 15:26:19,-34.5833,150.8552,61.88,89,99,4.0
146,North Platte,US,2022-04-24 15:26:19,41.1239,-100.7654,49.89,51,40,34.0
147,Yumen,CN,2022-04-24 15:26:20,40.2833,97.2,65.28,15,1,14.34
148,Quatre Cocos,MU,2022-04-24 15:26:20,-20.2078,57.7625,76.08,75,99,20.18
149,Berlevag,NO,2022-04-24 15:26:20,70.8578,29.0864,37.2,92,100,11.59
150,Jimma,ET,2022-04-24 15:26:21,7.6667,36.8333,68.22,81,100,3.27
151,Luis Correia,BR,2022-04-24 15:26:21,-2.8792,-41.6669,89.6,58,40,4.61
152,Tigil,RU,2022-04-24 15:26:22,57.8,158.6667,25.74,93,100,3.98
153,Meulaboh,ID,2022-04-24 15:26:22,4.1363,96.1285,79.84,85,97,1.28
154,Golden,US,2022-04-24 15:26:23,39.7555,-105.2211,48.83,45,40,11.99
155,Georgetown,MY,2022-04-24 15:23:40,5.4112,100.3354,84.13,92,40,4.61
156,Nishihara,JP,2022-04-24 15:23:14,26.1842,127.7558,75.25,91,20,9.22
157,Tuatapere,NZ,2022-04-24 15:26:23,-46.1333,167.6833,51.48,89,99,6.42
158,Hokitika,NZ,2022-04-24 15:26:24,-42.7167,170.9667,52.36,86,78,6.33
159,Vao,NC,2022-04-24 15:26:24,-22.6667,167.4833,73.98,70,100,21.47
160,Atuona,PF,2022-04-24 15:26:24,-9.8,-139.0333,78.53,76,27,19.73
161,Dikson,RU,2022-04-24 15:26:25,73.5069,80.5464,9.57,94,99,11.41
162,Beringovskiy,RU,2022-04-24 15:26:25,63.05,179.3167,14.25,95,80,1.52
163,Yaan,NG,2022-04-24 15:26:26,7.3833,8.5667,90.68,48,78,8.7
164,Bengkulu,ID,2022-04-24 15:26:26,-3.8004,102.2655,77.47,91,59,3.62
165,Westlock,CA,2022-04-24 15:26:26,54.1502,-113.8688,49.1,69,2,8.12
166,San Quintin,MX,2022-04-24 15:26:09,30.4833,-115.95,63.16,59,0,2.44
167,Necochea,AR,2022-04-24 15:26:27,-38.5473,-58.7368,70.57,47,8,12.1
168,Gweta,BW,2022-04-24 15:26:27,-20.1833,25.2333,82.8,30,59,10.63
169,Roma,US,2022-04-24 15:26:27,43.2128,-75.4557,64.87,45,0,11.5
170,Pisco,PE,2022-04-24 15:26:28,-13.7,-76.2167,62.65,94,100,5.75
171,Plettenberg Bay,ZA,2022-04-24 15:26:28,-34.0527,23.3716,61.23,59,22,8.84
172,Atuntaqui,EC,2022-04-24 15:26:28,0.3333,-78.2167,63.23,76,92,3.49
173,Lang Son,VN,2022-04-24 15:26:29,21.8333,106.7333,74.26,91,0,4.27
174,Margate,GB,2022-04-24 15:26:29,51.3813,1.3862,54.7,74,1,10.0
175,Usvyaty,RU,2022-04-24 15:26:30,55.7456,30.7533,50.86,68,76,6.38
176,Petropavlovsk-Kamchatskiy,RU,2022-04-24 15:26:30,53.0452,158.6483,34.39,80,0,11.18
177,Bocana De Paiwas,NI,2022-04-24 15:27:30,12.7857,-85.1227,83.19,62,7,7.61
178,Liku,ID,2022-04-24 15:27:31,-0.7275,119.8922,76.3,91,100,1.12
179,Ambulu,ID,2022-04-24 15:27:31,-8.345,113.6058,77.67,89,83,3.09
180,Ambon,ID,2022-04-24 15:27:32,-3.6954,128.1814,80.74,83,40,6.91
181,Kaitangata,NZ,2022-04-24 15:27:32,-46.2817,169.8464,51.89,81,100,13.6
182,Katsuura,JP,2022-04-24 15:27:32,35.1333,140.3,62.51,93,100,9.82
183,Humboldt,US,2022-04-24 15:27:33,40.6665,-123.9178,41.18,83,91,1.01
184,Metro,ID,2022-04-24 15:27:33,-5.1131,105.3067,76.37,92,55,4.68
185,Lebu,CL,2022-04-24 15:27:34,-37.6167,-73.65,57.69,87,100,23.91
186,Husavik,IS,2022-04-24 15:27:34,66.0449,-17.3389,43.59,81,52,4.27
187,Vallenar,CL,2022-04-24 15:27:34,-28.5708,-70.7581,67.66,60,5,5.23
188,Utica,US,2022-04-24 15:27:35,43.1009,-75.2327,63.64,46,37,5.01
189,Tessalit,ML,2022-04-24 15:27:35,20.1986,1.0114,95.79,5,0,14.07
190,Lerwick,GB,2022-04-24 15:27:35,60.1545,-1.1494,48.2,80,95,16.17
191,Yerbogachen,RU,2022-04-24 15:27:36,61.2767,108.0108,25.03,87,100,2.77
192,Vardo,NO,2022-04-24 15:27:36,70.3705,31.1107,38.84,84,100,15.88
193,Asosa,ET,2022-04-24 15:27:37,10.0667,34.5333,74.23,55,92,0.63
194,Oussouye,SN,2022-04-24 15:25:19,12.485,-16.5469,107.78,27,63,11.43
195,Lompoc,US,2022-04-24 15:27:37,34.6391,-120.4579,67.78,77,0,8.99
196,Jacareacanga,BR,2022-04-24 15:27:38,-6.2222,-57.7528,88.74,53,99,5.03
197,Port Alfred,ZA,2022-04-24 15:27:38,-33.5906,26.891,62.19,82,98,5.99
198,Smidovich,RU,2022-04-24 15:27:39,48.6,133.8167,40.15,48,26,10.27
199,Buluang,PH,2022-04-24 15:27:39,13.3068,123.3425,77.74,90,100,4.03
200,Braganca,BR,2022-04-24 15:27:39,-1.0536,-46.7656,73.87,96,100,1.03
201,Coari,BR,2022-04-24 15:27:40,-4.085,-63.1414,82.89,73,100,3.65
202,Kununurra,AU,2022-04-24 15:27:40,-15.7667,128.7333,71.58,88,80,0.0
203,Phuket,TH,2022-04-24 15:27:41,8.0,98.25,79.02,94,75,4.61
204,Avera,US,2022-04-24 15:27:41,33.194,-82.5271,76.55,65,100,6.46
205,Mporokoso,ZM,2022-04-24 15:27:42,-9.3727,30.125,69.89,86,98,3.38
206,Chipinge,ZW,2022-04-24 15:27:42,-20.1883,32.6236,68.86,78,48,4.74
207,Suntar,RU,2022-04-24 15:27:43,62.1444,117.6319,26.4,93,100,3.29
208,Kruisfontein,ZA,2022-04-24 15:27:43,-34.0033,24.7314,59.88,55,51,14.67
209,Southbridge,US,2022-04-24 15:27:43,42.0751,-72.0334,50.67,52,100,4.0
210,Kondagaon,IN,2022-04-24 15:27:44,19.6,81.6667,85.89,28,69,2.3
211,Cabedelo,BR,2022-04-24 15:27:44,-6.9811,-34.8339,74.07,75,90,16.17
212,Abalak,RU,2022-04-24 15:27:45,58.1286,68.5944,36.97,70,62,5.97
213,Laramie,US,2022-04-24 15:27:45,41.3114,-105.5911,35.56,67,100,23.02
214,Nome,US,2022-04-24 15:27:45,64.5011,-165.4064,35.67,93,75,0.0
215,Cayenne,GF,2022-04-24 15:25:17,4.9333,-52.3333,86.04,1,75,6.91
216,Natal,BR,2022-04-24 15:24:06,-5.795,-35.2094,86.22,70,75,16.11
217,Batemans Bay,AU,2022-04-24 15:27:46,-35.7167,150.1833,61.11,86,100,2.46
218,Niquelandia,BR,2022-04-24 15:27:46,-14.4739,-48.4597,89.83,40,55,6.13
219,Icatu,BR,2022-04-24 15:28:47,-2.7758,-44.0658,88.23,77,100,0.43
220,Nazarovo,RU,2022-04-24 15:28:47,56.0064,90.3914,28.31,67,87,5.17
221,Altay,CN,2022-04-24 15:28:47,47.8667,88.1167,32.88,55,92,9.26
222,Cape Girardeau,US,2022-04-24 15:28:48,37.3834,-89.7168,71.02,76,100,5.99
223,Usogorsk,RU,2022-04-24 15:28:48,63.4106,48.6872,34.32,98,100,5.08
224,Mayo,US,2022-04-24 15:26:08,38.8876,-76.5119,75.13,63,0,6.91
225,Algiers,DZ,2022-04-24 15:26:30,36.7525,3.042,64.22,63,20,11.5
226,San Ramon,US,2022-04-24 15:28:49,37.7799,-121.978,57.58,88,0,4.61
227,Pareora,NZ,2022-04-24 15:28:49,-44.4871,171.2132,49.17,97,90,8.01
228,Ha Tinh,VN,2022-04-24 15:28:02,18.3333,105.9,78.94,81,0,5.39
229,College,US,2022-04-24 15:28:49,64.8569,-147.8028,33.08,80,20,0.0
230,Sao Joao Da Barra,BR,2022-04-24 15:28:50,-21.6403,-41.0511,84.29,60,4,13.82
231,Deputatskiy,RU,2022-04-24 15:28:50,69.3,139.9,0.18,99,100,1.5
232,Gazimurskiy Zavod,RU,2022-04-24 15:28:51,51.5461,118.3266,29.61,80,91,1.72
233,Kamaishi,JP,2022-04-24 15:28:51,39.2667,141.8833,52.9,93,68,6.87
234,Southend-On-Sea,GB,2022-04-24 15:26:56,51.5378,0.7143,63.09,59,20,17.27
235,Tasiilaq,GL,2022-04-24 15:28:52,65.6145,-37.6368,42.96,70,100,4.38
236,Simpang,ID,2022-04-24 15:28:52,-1.2667,104.0833,76.57,90,81,0.76
237,Hasaki,JP,2022-04-24 15:28:52,35.7333,140.8333,59.4,92,100,9.64
238,Smestad,NO,2022-04-24 15:28:53,59.9333,10.6667,59.04,29,48,6.69
239,Marfino,RU,2022-04-24 15:28:53,55.7028,37.3822,51.94,83,100,6.71
240,Aykhal,RU,2022-04-24 15:28:54,66.0,111.5,5.11,97,61,0.87
241,Misawa,JP,2022-04-24 15:28:54,40.6836,141.3597,57.6,71,52,5.88
242,Ust-Kut,RU,2022-04-24 15:28:54,56.7938,105.7672,21.56,92,78,2.44
243,Tura,IN,2022-04-24 15:28:17,25.5198,90.2201,75.79,54,0,5.3
244,Iqaluit,CA,2022-04-24 15:28:55,63.7506,-68.5145,20.93,85,100,8.05
245,Patiya,BD,2022-04-24 15:28:55,22.2931,91.9762,84.15,84,20,8.05
246,Peniche,PT,2022-04-24 15:28:55,39.3558,-9.3811,66.07,81,20,9.6
247,Leningradskiy,RU,2022-04-24 15:28:56,69.3833,178.4167,14.0,97,99,3.09
248,Concordia,AR,2022-04-24 15:28:56,-31.393,-58.0209,73.47,61,20,11.99
249,Pekan,MY,2022-04-24 15:28:57,3.4836,103.3996,78.91,82,18,4.18
250,Cravo Norte,CO,2022-04-24 15:28:57,6.3017,-70.2041,91.09,39,91,10.45
251,Sulangan,PH,2022-04-24 15:28:57,11.1373,123.7228,82.29,80,100,14.61
252,Tromso,NO,2022-04-24 15:28:58,69.6496,18.957,40.37,93,75,8.05
253,Khanpur,PK,2022-04-24 15:28:58,28.6453,70.6567,94.71,10,0,4.25
254,Harper,LR,2022-04-24 15:28:58,4.375,-7.7169,86.32,67,98,10.51
255,Guymon,US,2022-04-24 15:28:59,36.6828,-101.4816,53.6,47,0,9.22
256,Pacific Grove,US,2022-04-24 15:28:59,36.6177,-121.9166,53.51,93,40,5.99
257,Christchurch,NZ,2022-04-24 15:28:59,-43.5333,172.6333,50.0,87,75,4.61
258,Auki,SB,2022-04-24 15:29:00,-8.7676,160.7034,77.25,87,79,3.42
259,Betong,TH,2022-04-24 15:29:00,5.7743,101.0723,73.87,97,84,1.5
260,Komsomolskiy,UZ,2022-04-24 15:29:00,40.4272,71.7189,63.32,63,100,6.91
261,Pontianak,ID,2022-04-24 15:29:01,-0.0333,109.3333,80.58,88,75,4.61
262,Sahuaripa,MX,2022-04-24 15:29:01,29.05,-109.2333,70.79,33,0,1.19
263,Matamoros,MX,2022-04-24 15:25:14,25.5333,-103.25,82.51,12,0,6.91
264,Goure,NE,2022-04-24 15:29:02,13.9835,10.2704,108.01,7,58,9.01
265,Chester,US,2022-04-24 15:30:03,40.1254,-75.8749,66.99,63,0,3.0
266,Caravelas,BR,2022-04-24 15:30:03,-17.7125,-39.2481,88.41,55,16,9.26
267,Abapo,BO,2022-04-24 15:30:04,-18.8333,-63.4667,90.77,36,21,4.74
268,Vanimo,PG,2022-04-24 15:30:05,-2.6741,141.3028,79.41,84,79,4.72
269,Port Hedland,AU,2022-04-24 15:30:06,-20.3167,118.5667,75.25,78,0,8.05
270,San Patricio,US,2022-04-24 15:30:07,28.017,-97.5169,82.26,65,57,22.15
271,Mendoza,AR,2022-04-24 15:30:07,-32.8908,-68.8272,67.53,56,0,3.44
272,Port Hardy,CA,2022-04-24 15:30:08,50.6996,-127.4199,46.58,81,75,11.5
273,Santa Fe,AR,2022-04-24 15:27:31,-31.6333,-60.7,75.02,49,0,7.0
274,Codrington,AU,2022-04-24 15:30:08,-38.2667,141.9667,48.58,93,1,7.52
275,Fairbanks,US,2022-04-24 15:30:09,64.8378,-147.7164,33.1,80,0,0.0
276,Morlenbach,DE,2022-04-24 15:30:09,49.5992,8.7347,54.63,80,100,1.99
277,Tabou,CI,2022-04-24 15:30:10,4.423,-7.3528,85.96,69,94,12.08
278,Shibetsu,JP,2022-04-24 15:30:10,43.659,145.132,43.75,78,100,6.17
279,Broome,US,2022-04-24 15:30:10,42.2506,-75.833,67.55,53,82,5.01
280,Torzhok,RU,2022-04-24 15:30:11,57.0436,34.9622,46.6,97,100,7.92
281,Kloulklubed,PW,2022-04-24 15:30:11,7.0419,134.2556,77.5,78,100,11.3
282,Tecolutla,MX,2022-04-24 15:30:12,20.4833,-97.0167,82.26,63,1,3.62
283,Yuxia,CN,2022-04-24 15:30:12,34.0615,108.6291,66.81,64,71,4.61
284,Okhotsk,RU,2022-04-24 15:30:13,59.3833,143.3,21.69,98,43,4.21
285,Kontagora,NG,2022-04-24 15:30:13,10.3999,5.4695,96.64,32,95,9.42
286,Walvis Bay,NA,2022-04-24 15:30:13,-22.9575,14.5053,67.15,52,0,14.97
287,Wladyslawowo,PL,2022-04-24 15:30:14,54.7909,18.4009,47.75,89,57,15.32
288,Bondoukou,CI,2022-04-24 15:30:14,8.0333,-2.8,79.21,79,100,6.85
289,Roncesvalles,CO,2022-04-24 15:30:15,4.0108,-75.6049,59.29,86,95,1.57
290,Jaypur,IN,2022-04-24 15:30:15,18.85,82.5833,88.77,30,92,3.44
291,Asfi,MA,2022-04-24 15:30:16,32.2994,-9.2372,63.61,65,12,17.69
292,Linxia,CN,2022-04-24 15:30:16,35.6003,103.2064,54.27,62,95,2.73
293,Sitarganj,IN,2022-04-24 15:30:16,28.9333,79.7,85.08,13,20,7.34
294,East London,ZA,2022-04-24 15:30:17,-33.0153,27.9116,63.54,82,0,14.97
295,Dieppe,FR,2022-04-24 15:30:17,49.75,1.1667,64.58,71,50,3.0
296,Paramonga,PE,2022-04-24 15:30:18,-10.6667,-77.8333,71.47,76,83,9.71
297,Puerto Escondido,MX,2022-04-24 15:30:18,15.85,-97.0667,85.03,79,20,5.75
298,Matagami,CA,2022-04-24 15:30:18,49.7502,-77.6328,33.91,69,100,23.02
299,Colac,AU,2022-04-24 15:30:19,-38.3333,143.5833,49.84,97,5,4.52
300,Pincher Creek,CA,2022-04-24 15:27:43,49.4833,-113.952,42.49,68,0,6.91
301,Pangnirtung,CA,2022-04-24 15:30:19,66.1451,-65.7125,24.78,65,100,5.23
302,Yenagoa,NG,2022-04-24 15:30:20,4.9247,6.2642,82.27,72,100,4.14
303,Sai Buri,TH,2022-04-24 15:30:20,6.7013,101.6168,80.55,82,13,6.44
304,Oropesa,PE,2022-04-24 15:30:20,-13.5928,-71.7719,58.86,62,75,3.44
305,Ukiah,US,2022-04-24 15:30:21,39.1502,-123.2078,59.63,88,0,0.0
306,Lock Haven,US,2022-04-24 15:30:21,41.137,-77.4469,73.87,48,75,4.29
307,Collie,AU,2022-04-24 15:30:22,-33.3667,116.15,59.74,51,100,6.06
308,Cidreira,BR,2022-04-24 15:30:22,-30.1811,-50.2056,70.54,65,0,17.25
309,Qui Nhon,VN,2022-04-24 15:30:22,13.7667,109.2333,78.98,92,17,6.64
310,Berdigestyakh,RU,2022-04-24 15:30:23,62.0989,126.6992,8.2,99,79,3.65
311,Hvide Sande,DK,2022-04-24 15:30:23,56.0045,8.1294,54.09,68,65,19.84
312,Kaduqli,SD,2022-04-24 15:30:23,11.0167,29.7167,101.21,10,46,8.28
313,Genhe,CN,2022-04-24 15:31:24,50.7833,121.5167,30.92,95,98,3.09
314,Tuktoyaktuk,CA,2022-04-24 15:31:24,69.4541,-133.0374,12.2,85,0,4.61
315,Bjornevatn,NO,2022-04-24 15:31:25,69.6672,29.9847,39.54,75,75,9.22
316,Ilulissat,GL,2022-04-24 15:31:25,69.2167,-51.1,30.22,74,75,3.44
317,Cam Ranh,VN,2022-04-24 15:31:26,11.9214,109.1591,80.56,89,20,1.14
318,La Sarre,CA,2022-04-24 15:31:26,48.8002,-79.1996,43.72,78,100,16.73
319,Tocopilla,CL,2022-04-24 15:31:26,-22.092,-70.1979,69.37,68,4,6.31
320,Loreto,MX,2022-04-24 15:27:23,22.2667,-101.9667,70.48,19,0,11.3
321,Roebourne,AU,2022-04-24 15:31:07,-20.7833,117.1333,79.77,62,0,4.32
322,Tsaratanana,MG,2022-04-24 15:31:27,-16.7833,47.65,74.98,73,67,9.73
323,Sorland,NO,2022-04-24 15:31:27,67.667,12.6934,43.2,92,100,11.16
324,Ust-Nera,RU,2022-04-24 15:31:28,64.5667,143.2,8.76,98,97,4.63
325,Guerrero Negro,MX,2022-04-24 15:31:28,27.9769,-114.0611,65.57,60,0,4.34
326,Villa Bruzual,VE,2022-04-24 15:31:29,9.3328,-69.1208,93.72,37,69,4.38
327,Yulara,AU,2022-04-24 15:31:29,-25.2406,130.9889,62.44,77,10,10.36
328,Makakilo City,US,2022-04-24 15:31:29,21.3469,-158.0858,75.52,72,100,13.8
329,Bitung,ID,2022-04-24 15:31:30,1.4451,125.1824,77.85,85,15,5.66
330,Gladstone,AU,2022-04-24 15:31:30,-23.85,151.25,69.73,68,75,11.5
331,Hobyo,SO,2022-04-24 15:31:31,5.3505,48.5268,84.79,66,21,9.66
332,Pudozh,RU,2022-04-24 15:31:31,61.8099,36.5345,37.45,87,100,4.0
333,Muravlenko,RU,2022-04-24 15:31:31,63.7898,74.523,17.33,91,100,3.71
334,Praya,CV,2022-04-24 15:31:32,14.9215,-23.5087,88.34,29,0,17.27
335,Trelleborg,SE,2022-04-24 15:31:32,55.3751,13.1569,56.98,69,49,21.36
336,Llanes,ES,2022-04-24 15:31:33,43.4198,-4.7549,57.31,80,80,5.21
337,Sandpoint,US,2022-04-24 15:29:20,48.2766,-116.5533,46.72,78,0,0.0
338,Biak,ID,2022-04-24 15:31:29,-0.9131,122.8766,77.04,85,80,1.14
339,Bintulu,MY,2022-04-24 15:31:33,3.1667,113.0333,79.21,100,40,3.44
340,Amos,CA,2022-04-24 15:31:34,48.5669,-78.1162,43.18,79,100,14.63
341,Kotido,UG,2022-04-24 15:31:34,2.9806,34.1331,76.89,59,98,9.1
342,Sinnamary,GF,2022-04-24 15:31:34,5.3833,-52.95,81.07,83,79,8.81
343,Letlhakeng,BW,2022-04-24 15:31:35,-24.0944,25.0298,73.67,41,81,6.82
344,Kropotkin,RU,2022-04-24 15:31:35,45.4375,40.5756,65.75,63,64,2.37
345,Talcahuano,CL,2022-04-24 15:30:28,-36.7167,-73.1167,58.68,94,100,16.11
346,Kokoda,PG,2022-04-24 15:31:35,-8.8785,147.7407,72.52,96,94,0.87
347,Bethel,US,2022-04-24 15:31:36,41.3712,-73.414,63.88,41,20,6.91
348,Kysyl-Syr,RU,2022-04-24 15:31:36,63.8986,122.7617,10.85,97,99,2.19
349,Ponte De Sor,PT,2022-04-24 15:31:36,39.2496,-8.0101,69.98,50,97,6.46
350,Campbell River,CA,2022-04-24 15:31:37,50.0163,-125.2446,49.44,100,100,4.61
351,North Bend,US,2022-04-24 15:31:37,43.4065,-124.2243,48.16,100,100,6.91
352,Bud,US,2022-04-24 15:27:42,39.447,-86.1758,77.02,71,100,16.31
353,Tezu,IN,2022-04-24 15:31:38,27.9167,96.1667,68.34,76,84,4.72
354,Boulder,US,2022-04-24 15:31:38,40.0833,-105.3505,44.33,46,100,9.22
355,Mbaiki,CF,2022-04-24 15:31:38,3.8678,17.9892,78.17,76,100,2.55
356,Semnan,IR,2022-04-24 15:31:39,35.5729,53.3971,78.37,19,100,8.23
357,Kahului,US,2022-04-24 15:31:39,20.8947,-156.47,73.85,79,0,16.11
358,Casma,CL,2022-04-24 15:31:39,-41.0082,-73.1244,47.48,92,89,13.65
359,Zhangye,CN,2022-04-24 15:31:40,38.9342,100.4517,63.82,15,30,4.83
360,Rovaniemi,FI,2022-04-24 15:31:40,66.5,25.7167,47.61,46,0,11.5
361,Labuhan,ID,2022-04-24 15:31:41,-6.8844,112.2051,79.59,84,100,2.66
362,Arlit,NE,2022-04-24 15:32:41,18.7369,7.3853,104.88,6,24,13.11
363,Kota Kinabalu,MY,2022-04-24 15:32:41,5.9749,116.0724,76.98,94,20,2.3
364,Mao,ES,2022-04-24 15:32:42,39.8885,4.2658,66.76,48,20,6.91
365,Biltine,TD,2022-04-24 15:32:42,14.5333,20.9167,103.77,6,20,10.56
366,Noyabrsk,RU,2022-04-24 15:32:43,63.1994,75.4507,18.57,92,100,1.14
367,Ugoofaaru,MV,2022-04-24 15:32:43,5.6667,73.0,84.9,69,48,4.21
368,Santa Ines,BR,2022-04-24 15:32:43,-3.6667,-45.38,84.04,69,93,4.29
369,Bontang,ID,2022-04-24 15:32:44,0.1333,117.5,81.61,79,100,5.99
370,Saint Anthony,US,2022-04-24 15:32:44,45.0205,-93.218,46.0,69,100,21.85
371,Cranbrook,CA,2022-04-24 15:30:13,49.4999,-115.7688,39.04,65,20,0.0
372,Naze,JP,2022-04-24 15:32:45,28.3667,129.4833,68.92,91,42,7.63
373,Kashi,CN,2022-04-24 15:32:45,39.4547,75.9797,74.41,14,40,8.95
374,Pacasmayo,PE,2022-04-24 15:32:45,-7.4006,-79.5714,73.13,73,31,9.95
375,Portland,US,2022-04-24 15:32:46,45.5234,-122.6762,52.3,77,20,6.91
376,Rovenki,UA,2022-04-24 15:32:46,48.0833,39.3776,59.9,71,100,5.23
377,Baherden,TM,2022-04-24 15:32:46,38.4362,57.4316,76.91,38,35,6.22
378,Bourail,NC,2022-04-24 15:32:47,-21.5667,165.4833,70.18,89,92,7.54
379,Krasnoselkup,RU,2022-04-24 15:32:47,65.7,82.4667,1.08,99,84,1.74
380,Dunedin,NZ,2022-04-24 15:31:11,-45.8742,170.5036,54.81,68,100,20.0
381,Boden,SE,2022-04-24 15:32:48,65.8252,21.6886,39.2,91,98,5.17
382,Vagur,FO,2022-04-24 15:32:48,61.4732,-6.8119,43.16,80,100,22.68
383,Barra,BR,2022-04-24 15:32:48,-11.0894,-43.1417,90.16,34,47,6.2
384,Kaoma,ZM,2022-04-24 15:32:49,-14.7833,24.8,71.37,67,65,4.38
385,Lasa,IT,2022-04-24 15:32:49,46.6166,10.7002,49.08,95,100,2.64
386,Te Anau,NZ,2022-04-24 15:32:50,-45.4167,167.7167,47.5,83,65,1.3
387,Narsaq,GL,2022-04-24 15:32:50,60.9167,-46.05,48.42,80,82,7.47
388,Jackson,US,2022-04-24 15:27:57,42.4165,-122.8345,50.14,73,0,1.99
389,Naberera,TZ,2022-04-24 15:32:50,-4.2,36.9333,66.58,86,90,7.87
390,Victoria,HK,2022-04-24 15:32:51,22.2855,114.1577,82.33,88,4,8.99
391,Beysehir,TR,2022-04-24 15:32:51,37.6773,31.7246,69.44,32,0,11.59
392,Tirana,AL,2022-04-24 15:31:31,41.3275,19.8189,70.68,37,0,8.05
393,Slave Lake,CA,2022-04-24 15:32:52,55.2834,-114.769,40.98,56,0,11.5
394,Aswan,EG,2022-04-24 15:32:52,24.0934,32.907,94.3,14,0,9.22
395,Palauig,PH,2022-04-24 15:32:52,15.435,119.9045,82.78,72,12,4.65
396,Ilhabela,BR,2022-04-24 15:32:53,-23.7781,-45.3581,76.33,79,21,5.75
397,Sao Joao Dos Patos,BR,2022-04-24 15:32:53,-6.495,-43.7022,84.33,63,77,6.2
398,Barstow,US,2022-04-24 15:32:54,34.8986,-117.0228,59.99,15,0,14.5
399,Egvekinot,RU,2022-04-24 15:32:54,66.3167,-179.1667,8.37,94,85,6.38
400,Umba,RU,2022-04-24 15:32:55,66.6871,34.3429,36.25,93,66,4.41
401,Dalbandin,PK,2022-04-24 15:32:55,28.8947,64.4101,85.68,12,23,4.83
402,Mayor Pablo Lagerenza,PY,2022-04-24 15:32:55,-19.9309,-60.7718,95.58,36,25,17.63
403,Pingliang,CN,2022-04-24 15:32:56,35.5392,106.6861,56.43,48,1,4.74
404,Port Blair,IN,2022-04-24 15:32:56,11.6667,92.75,82.44,78,20,2.3
405,Chara,RU,2022-04-24 15:32:57,56.9064,118.2631,19.53,63,84,1.39
406,Bilma,NE,2022-04-24 15:32:57,18.6853,12.9164,104.67,7,4,7.92
407,Darhan,MN,2022-04-24 15:32:57,49.4867,105.9228,40.32,27,83,17.98
408,Arona,ES,2022-04-24 15:32:58,28.0996,-16.681,64.98,62,75,4.61
409,Hofn,IS,2022-04-24 15:33:58,64.2539,-15.2082,51.82,66,20,12.66
410,Burnie,AU,2022-04-24 15:33:58,-41.0667,145.9167,52.95,93,31,5.79
411,Westport,US,2022-04-24 15:29:34,41.1415,-73.3579,62.85,49,0,16.11
412,Nantucket,US,2022-04-24 15:33:59,41.2835,-70.0995,51.91,54,0,14.97
413,Ciudad Bolivar,VE,2022-04-24 15:33:59,8.1222,-63.5497,93.36,39,26,9.33
414,Bowen,AU,2022-04-24 15:34:00,-20.0167,148.2333,75.79,84,100,24.11
415,Bozeman,US,2022-04-24 15:34:00,45.6796,-111.0386,41.02,75,100,1.01
416,Haines Junction,CA,2022-04-24 15:34:00,60.7522,-137.5108,31.95,80,100,0.0
417,Forestville,US,2022-04-24 15:34:01,38.8451,-76.875,76.55,57,0,4.61
418,Kaeo,NZ,2022-04-24 15:34:01,-35.1,173.7833,58.32,93,37,6.46
419,Hays,US,2022-04-24 15:34:02,30.0502,-98.0336,76.82,68,99,8.99
420,Kuala Lipis,MY,2022-04-24 15:34:02,4.1842,102.0468,75.18,97,65,0.2
421,Ostrovnoy,RU,2022-04-24 15:34:02,68.0531,39.5131,35.67,98,100,14.7
422,Chapais,CA,2022-04-24 15:32:47,49.7834,-74.8492,35.38,63,100,13.35
423,Buraydah,SA,2022-04-24 15:34:03,26.326,43.975,68.45,69,96,30.82
424,General Pico,AR,2022-04-24 15:34:03,-35.6566,-63.7568,77.38,40,86,15.79
425,Humaita,BR,2022-04-24 15:34:04,-7.5061,-63.0208,89.53,58,97,4.92
426,Kutum,SD,2022-04-24 15:34:04,14.2,24.6667,92.1,7,23,4.59
427,Tiznit,MA,2022-04-24 15:34:05,29.5833,-9.5,56.89,71,100,14.88
428,Yakovlevka,RU,2022-04-24 15:34:05,44.425,133.4772,43.56,52,49,2.98
429,Praia,CV,2022-04-24 15:34:05,14.9215,-23.5087,88.34,29,0,17.27
430,Soc Trang,VN,2022-04-24 15:34:06,9.6033,105.98,82.74,76,10,6.38
431,Saint-Joseph,RE,2022-04-24 15:34:06,-21.3667,55.6167,75.58,78,98,15.79
432,Hualmay,PE,2022-04-24 15:34:06,-11.0964,-77.6139,71.76,74,85,10.18
433,Coihaique,CL,2022-04-24 15:34:07,-45.5752,-72.0662,36.21,100,100,2.3
434,Kiskunhalas,HU,2022-04-24 15:34:07,46.434,19.4848,62.17,71,96,8.05
435,Provideniya,RU,2022-04-24 15:34:07,64.3833,-173.3,22.57,79,6,3.83
436,Kangaatsiaq,GL,2022-04-24 15:34:08,68.3065,-53.4641,25.3,87,100,5.28
437,Swan River,CA,2022-04-24 15:34:08,52.1058,-101.2676,31.89,69,100,24.16
438,San Cristobal,VE,2022-04-24 15:34:09,7.7669,-72.225,68.18,58,100,4.34
439,Guantanamo,CU,2022-04-24 15:34:09,20.1444,-75.2092,81.97,49,97,11.92
440,Akcaabat,TR,2022-04-24 15:34:10,41.0212,39.5715,58.87,67,0,5.75
441,Miles City,US,2022-04-24 15:32:59,46.4083,-105.8406,36.57,75,0,24.16
442,Vanavara,RU,2022-04-24 15:34:10,60.34,102.2797,26.74,96,99,7.02
443,Kozelsk,RU,2022-04-24 15:34:11,54.0375,35.7716,48.02,96,100,6.58
444,Flin Flon,CA,2022-04-24 15:34:11,54.7682,-101.865,24.64,58,40,13.8
445,Uribia,CO,2022-04-24 15:34:11,11.7139,-72.266,88.3,48,17,18.19
446,Kerema,PG,2022-04-24 15:34:12,-7.9631,145.7785,77.25,87,85,3.06
447,Rusera,IN,2022-04-24 15:34:12,25.75,86.0333,89.69,11,0,7.99
448,Satellite Beach,US,2022-04-24 15:34:13,28.1761,-80.5901,82.49,72,0,14.97
449,Eureka,US,2022-04-24 15:30:16,40.8021,-124.1637,50.25,76,80,1.01
450,Taoudenni,ML,2022-04-24 15:34:13,22.6783,-3.9836,93.49,14,0,16.24
451,Rocha,UY,2022-04-24 15:30:26,-34.4833,-54.3333,75.49,31,0,12.91
452,Emborion,GR,2022-04-24 15:34:14,40.4833,21.55,71.96,67,66,3.8
453,Solenzo,BF,2022-04-24 15:34:14,12.1833,-4.0833,104.77,7,45,6.78
454,Santa Pola,ES,2022-04-24 15:34:15,38.1917,-0.5658,76.68,47,0,14.97
455,Galesong,ID,2022-04-24 15:35:15,-5.3166,119.3661,78.82,83,42,5.01
456,Kuryk,KZ,2022-04-24 15:35:16,43.2,51.65,62.22,44,0,4.63
457,Dauphin,CA,2022-04-24 15:35:16,51.1494,-100.0502,26.98,94,100,25.57
458,Berezovyy,RU,2022-04-24 15:35:16,51.6667,135.7,18.79,96,98,2.8
459,Gizo,SB,2022-04-24 15:35:17,-8.103,156.8419,81.84,74,49,4.32
460,Sitka,US,2022-04-24 15:35:17,57.0531,-135.33,44.49,81,75,3.44
461,Ngunguru,NZ,2022-04-24 15:35:18,-35.6167,174.5,60.49,83,45,11.41
462,Baillif,GP,2022-04-24 15:35:18,16.0202,-61.7463,84.63,67,21,8.61
463,Oudtshoorn,ZA,2022-04-24 15:35:18,-33.5907,22.2014,59.36,50,58,9.06
464,Esmeraldas,BR,2022-04-24 15:35:19,-19.7625,-44.3139,91.51,33,17,2.57
465,Kholodnyy,RU,2022-04-24 15:35:19,62.7167,147.95,11.41,94,100,4.47
466,Kenora,CA,2022-04-24 15:32:54,49.8167,-94.4337,38.37,93,100,5.75
467,Porto Santo,PT,2022-04-24 15:35:20,33.072,-16.3415,66.58,63,40,17.27
468,Isangel,VU,2022-04-24 15:34:11,-19.55,169.2667,77.59,75,94,11.1
469,Inndyr,NO,2022-04-24 15:35:20,67.0338,14.0276,42.94,84,100,0.63
470,Eyl,SO,2022-04-24 15:35:20,7.9803,49.8164,82.67,68,6,9.15
471,Tuscaloosa,US,2022-04-24 15:35:21,33.2098,-87.5692,80.1,63,20,8.05
472,Casa Grande,US,2022-04-24 15:31:20,32.8795,-111.7573,72.99,15,0,11.5
473,Geelong,AU,2022-04-24 15:35:21,-38.1471,144.3607,53.73,91,0,4.61
474,Staromyshastovskaya,RU,2022-04-24 15:35:22,45.3433,39.0761,71.69,66,21,8.48
475,Garowe,SO,2022-04-24 15:35:22,8.4054,48.4845,89.83,33,38,13.85
476,Morant Bay,JM,2022-04-24 15:35:23,17.8815,-76.4093,83.71,72,98,10.49
477,Shingu,JP,2022-04-24 15:35:23,33.7333,135.9833,63.48,94,100,1.52
478,Sembe,CG,2022-04-24 15:35:23,1.6481,14.5806,85.23,62,99,2.62
479,Velka Bites,CZ,2022-04-24 15:35:24,49.2884,16.2274,60.37,58,75,9.22
480,Najran,SA,2022-04-24 15:35:24,17.4924,44.1277,86.65,24,70,0.83
481,Roald,NO,2022-04-24 15:35:24,62.5833,6.1333,58.12,54,0,8.05
482,Sosnovo-Ozerskoye,RU,2022-04-24 15:35:25,52.5249,111.5418,24.62,68,15,3.09
483,Shetpe,KZ,2022-04-24 15:35:25,44.1667,52.1167,66.49,30,0,8.19
484,Padang,ID,2022-04-24 15:35:26,-0.9492,100.3543,78.78,89,100,3.71
485,Shirokiy,RU,2022-04-24 15:35:26,49.758,129.523,36.52,49,49,3.6
486,Ancud,CL,2022-04-24 15:35:26,-41.8697,-73.8203,45.23,88,100,19.44
487,Broken Hill,AU,2022-04-24 15:31:23,-31.95,141.4333,64.11,59,100,13.8
488,Coahuayana,MX,2022-04-24 15:35:27,18.7333,-103.6833,85.59,32,10,4.07
489,Port Hawkesbury,CA,2022-04-24 15:34:49,45.6169,-61.3485,39.9,86,100,16.11
490,Faya,SA,2022-04-24 15:35:27,18.3851,42.4509,70.32,42,34,6.82
491,Guaruja,BR,2022-04-24 15:35:28,-23.9931,-46.2564,80.83,78,100,5.01
492,Midland,US,2022-04-24 15:30:38,31.9974,-102.0779,70.92,29,0,12.66
493,Maragogi,BR,2022-04-24 15:35:28,-9.0122,-35.2225,83.52,64,91,9.66
494,Zaliztsi,UA,2022-04-24 15:35:29,49.7919,25.373,58.46,68,71,5.7
495,Sao Filipe,CV,2022-04-24 15:35:29,14.8961,-24.4956,75.63,70,9,3.67
496,Oil City,US,2022-04-24 15:35:30,41.4339,-79.7064,80.08,44,0,12.66
497,Valente,BR,2022-04-24 15:35:30,-11.4122,-39.4619,88.63,43,75,13.31
498,Olkhovatka,RU,2022-04-24 15:35:30,50.2831,39.2872,58.24,69,90,6.8
499,Mana,GF,2022-04-24 15:35:31,5.6592,-53.7767,85.05,67,67,8.08
500,Kangaba,ML,2022-04-24 15:35:31,11.9333,-8.4167,104.5,7,17,9.62
501,Ishigaki,JP,2022-04-24 15:35:31,24.3448,124.1572,78.93,100,75,8.05
502,Helong,CN,2022-04-24 15:35:33,42.5397,128.9972,46.9,41,59,3.53
503,Petropavlovka,RU,2022-04-24 15:35:35,50.6114,105.3196,32.18,59,100,16.13
504,Barra Do Bugres,BR,2022-04-24 15:36:35,-15.0725,-57.1811,88.92,53,100,6.04
505,Saint Stephen,GB,2022-04-24 15:36:35,50.3333,-4.9,55.67,71,99,2.3
506,Kitgum,UG,2022-04-24 15:36:36,3.2783,32.8867,70.14,91,94,3.67
507,Gorele,TR,2022-04-24 15:36:36,41.0308,39.0031,57.42,78,4,7.23
508,Moree,AU,2022-04-24 15:36:36,-29.4667,149.85,57.22,67,82,8.05
509,Tual,ID,2022-04-24 15:36:37,-5.6667,132.75,83.75,68,76,6.24
510,Soure,BR,2022-04-24 15:36:37,-0.7167,-48.5233,76.05,87,100,8.32
511,Utiel,ES,2022-04-24 15:36:38,39.5667,-1.2,63.81,30,4,14.85
512,Henties Bay,NA,2022-04-24 15:36:38,-22.116,14.2845,60.78,76,1,15.12
513,Severo-Kurilsk,RU,2022-04-24 15:36:38,50.6789,156.125,32.38,87,99,12.08
514,Urengoy,RU,2022-04-24 15:36:39,65.9667,78.3667,-1.88,100,69,1.1
515,Svetlogorsk,BY,2022-04-24 15:36:39,52.6333,29.7333,50.32,73,98,7.27
516,Vestmanna,FO,2022-04-24 15:36:40,62.1564,-7.1664,45.52,71,80,12.66
517,Thinadhoo,MV,2022-04-24 15:36:40,0.5333,72.9333,84.97,70,63,9.4
518,Daitari,IN,2022-04-24 15:36:40,21.1,85.75,81.03,61,34,4.47
519,Kurush,RU,2022-04-24 15:36:41,41.2841,47.8345,41.65,70,100,2.35
520,Port-Gentil,GA,2022-04-24 15:36:41,-0.7193,8.7815,82.36,74,20,5.75
521,Sao Felix Do Xingu,BR,2022-04-24 15:36:41,-6.6447,-51.995,88.43,55,100,4.59
522,At-Bashi,KG,2022-04-24 15:36:42,41.1702,75.8106,48.79,83,100,0.51
523,Trincomalee,LK,2022-04-24 15:36:43,8.5711,81.2335,84.16,76,87,7.14
524,Fort Saint James,CA,2022-04-24 15:36:43,54.4333,-124.25,44.53,65,100,4.56
525,Half Moon Bay,US,2022-04-24 15:36:43,37.4636,-122.4286,58.05,86,100,6.91
526,Batticaloa,LK,2022-04-24 15:34:50,7.7102,81.6924,83.12,77,37,6.55
527,Susanville,US,2022-04-24 15:36:44,40.4163,-120.653,39.04,65,0,0.0
528,Lingao,CN,2022-04-24 15:36:44,19.9103,109.6859,78.42,81,11,9.53
529,Kalabo,ZM,2022-04-24 15:36:45,-14.97,22.6814,74.32,57,96,3.94
530,San Juan,AR,2022-04-24 15:36:45,-31.5375,-68.5364,84.9,20,0,11.14
531,Dasna,IN,2022-04-24 15:36:45,28.6833,77.5333,95.14,11,25,9.82
532,Praia Da Vitoria,PT,2022-04-24 15:36:46,38.7333,-27.0667,66.45,63,40,21.99
533,Hoopstad,ZA,2022-04-24 15:34:15,-27.8327,25.9083,67.15,49,65,12.97
534,Sorong,ID,2022-04-24 15:36:46,-0.8833,131.25,81.99,81,90,10.31
535,Port Lincoln,AU,2022-04-24 15:36:46,-34.7333,135.8667,65.91,79,100,5.14
536,Turayf,SA,2022-04-24 15:36:47,31.6725,38.6637,80.85,47,75,11.5
537,Usta Muhammad,PK,2022-04-24 15:36:47,28.1794,68.0445,97.05,9,53,5.64
538,Kalmunai,LK,2022-04-24 15:36:47,7.4167,81.8167,82.45,79,24,4.94
539,Kharovsk,RU,2022-04-24 15:36:48,59.9642,40.1912,42.04,83,74,5.5
540,Soe,ID,2022-04-24 15:36:48,-9.8607,124.284,63.48,78,8,3.96
541,Murray Bridge,AU,2022-04-24 15:36:49,-35.1167,139.2667,63.12,63,91,4.0
542,Podyuga,RU,2022-04-24 15:36:49,61.095,40.8647,37.71,83,99,3.2
543,Palmer,US,2022-04-24 15:36:50,42.1584,-72.3287,55.06,43,100,4.61
544,Honningsvag,NO,2022-04-24 15:36:50,70.9821,25.9704,37.15,87,75,8.05
545,Nemuro,JP,2022-04-24 15:36:50,43.3236,145.575,40.96,93,100,14.97
546,Beaufort,MY,2022-04-24 15:36:51,5.3473,115.7455,75.49,96,98,3.2
547,Tumaco,CO,2022-04-24 15:36:51,1.7986,-78.8156,81.99,74,52,3.89
548,Burns Lake,CA,2022-04-24 15:36:51,54.2331,-125.7533,40.42,80,99,3.2
549,Banfora,BF,2022-04-24 15:36:52,10.6333,-4.7667,104.05,10,31,7.45
550,Mogok,MM,2022-04-24 15:37:52,22.9167,96.5,72.3,40,5,2.62
551,Hami,CN,2022-04-24 15:37:52,42.8,93.45,67.14,32,64,18.9
552,Maun,BW,2022-04-24 15:37:53,-19.9833,23.4167,77.74,29,23,4.18
553,Tazovskiy,RU,2022-04-24 15:37:36,67.4667,78.7,-5.28,100,66,5.46
554,Berbera,SO,2022-04-24 15:37:53,10.4396,45.0143,86.43,74,39,13.4
555,Griffith,US,2022-04-24 15:37:54,41.5284,-87.4237,71.22,74,100,20.71
556,Alihe,CN,2022-04-24 15:37:32,50.5667,123.7167,33.46,90,86,2.84
557,Bacalar,MX,2022-04-24 15:37:54,18.6667,-88.3833,84.31,70,40,11.5
558,Marsa Matruh,EG,2022-04-24 15:37:31,31.3525,27.2453,66.4,77,20,9.22
559,Washington,US,2022-04-24 15:34:56,47.5001,-120.5015,41.4,47,13,2.15
560,Ocampo,MX,2022-04-24 15:37:55,21.65,-101.5,73.4,18,0,12.26
561,Tari,NG,2022-04-24 15:37:55,12.4086,4.4914,107.74,8,2,3.67
562,Isiro,CD,2022-04-24 15:37:56,2.7739,27.616,70.32,95,94,5.61
563,Vaitape,PF,2022-04-24 15:37:56,-16.5167,-151.75,80.29,71,62,5.95
564,Macenta,GN,2022-04-24 15:37:56,8.5435,-9.471,93.34,31,80,3.67
565,Kifri,IQ,2022-04-24 15:37:57,34.6959,44.9661,74.97,26,100,16.15
566,Lieksa,FI,2022-04-24 15:37:57,63.3167,30.0167,37.76,71,66,0.67
567,Sanica,BA,2022-04-24 15:37:57,44.6142,16.6411,62.73,64,2,7.09
568,Mount Isa,AU,2022-04-24 15:37:58,-20.7333,139.5,65.97,100,75,8.05
569,Marystown,CA,2022-04-24 15:37:58,47.1666,-55.1483,41.86,100,100,13.0
570,Parabel,RU,2022-04-24 15:37:58,58.6978,81.4825,23.05,96,100,3.15
571,Nuuk,GL,2022-04-24 15:37:59,64.1835,-51.7216,32.61,93,75,8.05
572,Denpasar,ID,2022-04-24 15:37:59,-8.65,115.2167,82.06,88,20,9.22
573,Karabanovo,RU,2022-04-24 15:38:00,56.3167,38.7,48.18,96,100,2.68
574,Vila,PT,2022-04-24 15:38:00,42.0304,-8.1588,50.88,82,99,5.79
575,Bemidji,US,2022-04-24 15:38:00,47.4736,-94.8803,39.56,98,100,6.91
576,Constitucion,CL,2022-04-24 15:38:01,-35.3333,-72.4167,59.88,85,93,21.65
577,Sasvad,IN,2022-04-24 15:38:01,18.3333,74.0333,88.5,28,29,4.34
578,Grindavik,IS,2022-04-24 15:38:01,63.8424,-22.4338,45.07,76,100,8.05
579,Nara,JP,2022-04-24 15:38:02,34.6851,135.8049,63.72,93,76,1.01
